{
    "filters": [
        {
            "name": "Bautzen",
            "lng_min": 14.317146232647332,
            "lng_max": 14.543065204654113,
            "lat_min": 51.102234656112046,
            "lat_max": 51.23982499106336
        }
    ]
}